SNP,Case_Num_C_Allele,Case_Num_T_Allele,Control_Num_C_Allele,Control_Num_T_Allele
snp0,47,3,54,46
snp1,42,8,12,88
snp2,48,2,83,17
snp3,2,48,9,91
snp4,17,33,49,51
snp5,19,31,51,49
snp6,7,43,95,5
snp7,3,47,88,12
snp8,12,38,28,72
snp9,30,20,51,49
snp10,34,16,65,35
snp11,45,5,31,69
snp12,27,23,14,86
snp13,15,35,96,4
snp14,44,6,47,53
snp15,23,27,79,21
snp16,5,45,66,34
snp17,28,22,87,13
snp18,14,36,74,26
snp19,26,24,39,61
snp20,19,31,73,27
snp21,27,23,78,22
snp22,10,40,61,39
snp23,43,7,97,3
snp24,38,12,78,22
snp25,41,9,81,19
snp26,5,45,46,54
snp27,6,44,55,45
snp28,4,46,90,10
snp29,37,13,87,13
snp30,39,11,19,81
snp31,37,13,2,98
snp32,1,49,59,41
snp33,20,30,93,7
snp34,25,25,42,58
snp35,29,21,1,99
snp36,45,5,52,48
snp37,32,18,45,55
snp38,20,30,23,77
snp39,38,12,38,62
snp40,41,9,37,63
snp41,1,49,90,10
snp42,49,1,70,30
snp43,37,13,99,1
snp44,21,29,85,15
snp45,27,23,19,81
snp46,2,48,75,25
snp47,6,44,86,14
snp48,4,46,55,45
snp49,48,2,59,41
snp50,3,47,1,99
snp51,9,41,48,52
snp52,1,49,99,1
snp53,38,12,86,14
snp54,8,42,52,48
snp55,21,29,52,48
snp56,45,5,13,87
snp57,21,29,4,96
snp58,16,34,13,87
snp59,27,23,56,44
snp60,32,18,12,88
snp61,16,34,63,37
snp62,38,12,13,87
snp63,31,19,17,83
snp64,15,35,97,3
snp65,3,47,91,9
snp66,23,27,66,34
snp67,48,2,54,46
snp68,37,13,46,54
snp69,41,9,43,57
snp70,46,4,82,18
snp71,42,8,43,57
snp72,2,48,55,45
snp73,12,38,64,36
snp74,32,18,66,34
snp75,6,44,66,34
snp76,30,20,12,88
snp77,29,21,6,94
snp78,1,49,27,73
snp79,28,22,37,63
snp80,29,21,8,92
snp81,44,6,65,35
snp82,20,30,99,1
snp83,9,41,98,2
snp84,24,26,74,26
snp85,47,3,61,39
snp86,40,10,34,66
snp87,1,49,2,98
snp88,21,29,83,17
snp89,14,36,40,60
snp90,32,18,30,70
snp91,1,49,61,39
snp92,46,4,54,46
snp93,47,3,12,88
snp94,27,23,21,79
snp95,38,12,6,94
snp96,46,4,48,52
snp97,2,48,91,9
snp98,25,25,59,41
snp99,24,26,53,47
snp100,2,48,30,70
snp101,12,38,62,38
snp102,16,34,10,90
snp103,33,17,30,70
snp104,46,4,98,2
snp105,24,26,66,34
snp106,11,39,42,58
snp107,40,10,48,52
snp108,3,47,54,46
snp109,20,30,51,49
snp110,22,28,58,42
snp111,41,9,37,63
snp112,44,6,37,63
snp113,37,13,67,33
snp114,49,1,91,9
snp115,19,31,63,37
snp116,39,11,15,85
snp117,25,25,22,78
snp118,41,9,56,44
snp119,27,23,40,60
snp120,25,25,95,5
snp121,16,34,63,37
snp122,1,49,56,44
snp123,11,39,96,4
snp124,35,15,9,91
snp125,8,42,58,42
snp126,30,20,69,31
snp127,46,4,52,48
snp128,29,21,12,88
snp129,10,40,40,60
snp130,35,15,59,41
snp131,20,30,11,89
snp132,28,22,85,15
snp133,30,20,99,1
snp134,48,2,62,38
snp135,33,17,78,22
snp136,26,24,61,39
snp137,36,14,45,55
snp138,6,44,2,98
snp139,49,1,49,51
snp140,20,30,18,82
snp141,33,17,7,93
snp142,18,32,93,7
snp143,17,33,28,72
snp144,48,2,57,43
snp145,12,38,73,27
snp146,41,9,30,70
snp147,46,4,91,9
snp148,42,8,11,89
snp149,9,41,3,97
snp150,17,33,24,76
snp151,30,20,12,88
snp152,30,20,95,5
snp153,35,15,98,2
snp154,44,6,85,15
snp155,34,16,37,63
snp156,17,33,12,88
snp157,48,2,71,29
snp158,49,1,69,31
snp159,5,45,32,68
snp160,12,38,79,21
snp161,18,32,98,2
snp162,17,33,95,5
snp163,20,30,85,15
snp164,1,49,29,71
snp165,49,1,86,14
snp166,37,13,83,17
snp167,34,16,71,29
snp168,10,40,63,37
snp169,48,2,56,44
snp170,11,39,70,30
snp171,49,1,22,78
snp172,3,47,32,68
snp173,29,21,40,60
snp174,29,21,1,99
snp175,32,18,54,46
snp176,1,49,81,19
snp177,45,5,20,80
snp178,5,45,51,49
snp179,19,31,35,65
snp180,48,2,94,6
snp181,20,30,12,88
snp182,25,25,92,8
snp183,11,39,65,35
snp184,22,28,98,2
snp185,38,12,84,16
snp186,17,33,86,14
snp187,14,36,52,48
snp188,30,20,53,47
snp189,46,4,31,69
snp190,7,43,63,37
snp191,3,47,32,68
snp192,26,24,76,24
snp193,1,49,3,97
snp194,10,40,14,86
snp195,16,34,71,29
snp196,32,18,4,96
snp197,39,11,24,76
snp198,8,42,43,57
snp199,47,3,91,9
snp200,24,26,50,50
snp201,40,10,4,96
snp202,20,30,65,35
snp203,22,28,45,55
snp204,38,12,69,31
snp205,31,19,76,24
snp206,15,35,83,17
snp207,23,27,90,10
snp208,46,4,28,72
snp209,48,2,49,51
snp210,12,38,92,8
snp211,33,17,32,68
snp212,29,21,50,50
snp213,49,1,21,79
snp214,28,22,59,41
snp215,31,19,87,13
snp216,27,23,45,55
snp217,45,5,14,86
snp218,30,20,18,82
snp219,22,28,75,25
snp220,22,28,72,28
snp221,13,37,78,22
snp222,6,44,80,20
snp223,19,31,53,47
snp224,27,23,58,42
snp225,9,41,43,57
snp226,17,33,5,95
snp227,4,46,49,51
snp228,22,28,33,67
snp229,6,44,27,73
snp230,10,40,35,65
snp231,21,29,52,48
snp232,14,36,39,61
snp233,35,15,26,74
snp234,27,23,85,15
snp235,31,19,50,50
snp236,35,15,12,88
snp237,28,22,37,63
snp238,24,26,94,6
snp239,3,47,70,30
snp240,7,43,96,4
snp241,19,31,10,90
snp242,44,6,59,41
snp243,44,6,35,65
snp244,49,1,28,72
snp245,1,49,71,29
snp246,47,3,30,70
snp247,34,16,64,36
snp248,43,7,2,98
snp249,16,34,69,31
snp250,49,1,27,73
snp251,42,8,59,41
snp252,41,9,39,61
snp253,48,2,55,45
snp254,24,26,7,93
snp255,47,3,33,67
snp256,1,49,10,90
snp257,26,24,40,60
snp258,2,48,21,79
snp259,19,31,35,65
snp260,39,11,53,47
snp261,19,31,23,77
snp262,35,15,14,86
snp263,22,28,40,60
snp264,36,14,82,18
snp265,8,42,89,11
snp266,12,38,54,46
snp267,8,42,91,9
snp268,4,46,99,1
snp269,39,11,72,28
snp270,37,13,7,93
snp271,13,37,97,3
snp272,22,28,78,22
snp273,20,30,81,19
snp274,16,34,38,62
snp275,47,3,97,3
snp276,47,3,77,23
snp277,5,45,48,52
snp278,45,5,39,61
snp279,27,23,93,7
snp280,16,34,60,40
snp281,48,2,28,72
snp282,20,30,88,12
snp283,25,25,63,37
snp284,29,21,24,76
snp285,33,17,49,51
snp286,17,33,37,63
snp287,24,26,46,54
snp288,29,21,9,91
snp289,23,27,71,29
snp290,45,5,19,81
snp291,32,18,29,71
snp292,13,37,82,18
snp293,8,42,24,76
snp294,14,36,99,1
snp295,11,39,12,88
snp296,38,12,25,75
snp297,35,15,23,77
snp298,31,19,69,31
snp299,46,4,97,3
snp300,1,49,17,83
snp301,44,6,72,28
snp302,11,39,16,84
snp303,41,9,93,7
snp304,17,33,77,23
snp305,16,34,93,7
snp306,46,4,65,35
snp307,22,28,70,30
snp308,40,10,1,99
snp309,11,39,19,81
snp310,9,41,81,19
snp311,42,8,75,25
snp312,20,30,31,69
snp313,13,37,27,73
snp314,24,26,34,66
snp315,49,1,77,23
snp316,17,33,8,92
snp317,17,33,3,97
snp318,45,5,99,1
snp319,21,29,25,75
snp320,28,22,50,50
snp321,35,15,29,71
snp322,10,40,2,98
snp323,4,46,36,64
snp324,43,7,9,91
snp325,10,40,78,22
snp326,40,10,46,54
snp327,19,31,14,86
snp328,20,30,95,5
snp329,12,38,40,60
snp330,37,13,35,65
snp331,39,11,31,69
snp332,11,39,92,8
snp333,38,12,28,72
snp334,30,20,49,51
snp335,49,1,29,71
snp336,24,26,54,46
snp337,31,19,7,93
snp338,47,3,92,8
snp339,26,24,87,13
snp340,28,22,54,46
snp341,12,38,16,84
snp342,45,5,23,77
snp343,1,49,78,22
snp344,49,1,84,16
snp345,14,36,79,21
snp346,39,11,72,28
snp347,39,11,59,41
snp348,14,36,1,99
snp349,9,41,73,27
snp350,8,42,34,66
snp351,29,21,65,35
snp352,32,18,12,88
snp353,45,5,97,3
snp354,3,47,86,14
snp355,4,46,8,92
snp356,26,24,98,2
snp357,18,32,78,22
snp358,27,23,14,86
snp359,4,46,70,30
snp360,21,29,70,30
snp361,38,12,69,31
snp362,16,34,17,83
snp363,14,36,26,74
snp364,1,49,19,81
snp365,25,25,77,23
snp366,28,22,72,28
snp367,33,17,60,40
snp368,15,35,28,72
snp369,27,23,69,31
snp370,1,49,38,62
snp371,41,9,72,28
snp372,34,16,84,16
snp373,24,26,95,5
snp374,31,19,87,13
snp375,2,48,95,5
snp376,20,30,93,7
snp377,9,41,12,88
snp378,19,31,50,50
snp379,5,45,16,84
snp380,45,5,15,85
snp381,44,6,19,81
snp382,48,2,54,46
snp383,7,43,53,47
snp384,49,1,46,54
snp385,33,17,25,75
snp386,4,46,33,67
snp387,21,29,59,41
snp388,24,26,78,22
snp389,27,23,40,60
snp390,15,35,14,86
snp391,15,35,55,45
snp392,5,45,63,37
snp393,46,4,98,2
snp394,21,29,4,96
snp395,2,48,89,11
snp396,33,17,43,57
snp397,45,5,15,85
snp398,9,41,75,25
snp399,36,14,72,28
snp400,20,30,86,14
snp401,31,19,40,60
snp402,38,12,44,56
snp403,35,15,14,86
snp404,20,30,12,88
snp405,1,49,51,49
snp406,49,1,43,57
snp407,23,27,9,91
snp408,20,30,5,95
snp409,44,6,77,23
snp410,47,3,79,21
snp411,35,15,1,99
snp412,7,43,67,33
snp413,20,30,32,68
snp414,11,39,80,20
snp415,36,14,56,44
snp416,34,16,65,35
snp417,29,21,93,7
snp418,28,22,1,99
snp419,18,32,53,47
snp420,18,32,60,40
snp421,41,9,32,68
snp422,4,46,71,29
snp423,5,45,54,46
snp424,28,22,13,87
snp425,30,20,16,84
snp426,30,20,24,76
snp427,15,35,77,23
snp428,30,20,29,71
snp429,28,22,52,48
snp430,41,9,44,56
snp431,7,43,92,8
snp432,19,31,46,54
snp433,36,14,92,8
snp434,21,29,72,28
snp435,1,49,21,79
snp436,35,15,97,3
snp437,16,34,73,27
snp438,26,24,87,13
snp439,3,47,31,69
snp440,24,26,18,82
snp441,5,45,87,13
snp442,18,32,7,93
snp443,45,5,17,83
snp444,29,21,61,39
snp445,39,11,78,22
snp446,35,15,61,39
snp447,49,1,1,99
snp448,4,46,18,82
snp449,14,36,9,91
snp450,45,5,47,53
snp451,25,25,90,10
snp452,26,24,25,75
snp453,1,49,99,1
snp454,8,42,92,8
snp455,26,24,37,63
snp456,30,20,81,19
snp457,49,1,37,63
snp458,10,40,45,55
snp459,49,1,7,93
snp460,4,46,22,78
snp461,24,26,96,4
snp462,8,42,74,26
snp463,1,49,96,4
snp464,4,46,1,99
snp465,14,36,5,95
snp466,26,24,7,93
snp467,46,4,62,38
snp468,12,38,8,92
snp469,4,46,3,97
snp470,10,40,35,65
snp471,45,5,74,26
snp472,38,12,55,45
snp473,32,18,17,83
snp474,20,30,74,26
snp475,17,33,39,61
snp476,24,26,82,18
snp477,13,37,27,73
snp478,29,21,17,83
snp479,38,12,34,66
snp480,2,48,88,12
snp481,39,11,99,1
snp482,10,40,6,94
snp483,29,21,20,80
snp484,3,47,78,22
snp485,41,9,38,62
snp486,27,23,72,28
snp487,10,40,79,21
snp488,33,17,22,78
snp489,18,32,85,15
snp490,28,22,85,15
snp491,28,22,72,28
snp492,44,6,64,36
snp493,30,20,82,18
snp494,41,9,35,65
snp495,41,9,51,49
snp496,15,35,86,14
snp497,38,12,19,81
snp498,12,38,43,57
snp499,17,33,66,34
snp500,7,43,88,12
snp501,2,48,69,31
snp502,17,33,26,74
snp503,29,21,79,21
snp504,37,13,98,2
snp505,16,34,69,31
snp506,17,33,78,22
snp507,35,15,60,40
snp508,23,27,88,12
snp509,28,22,65,35
snp510,9,41,92,8
snp511,31,19,35,65
snp512,46,4,98,2
snp513,22,28,74,26
snp514,47,3,62,38
snp515,46,4,84,16
snp516,18,32,31,69
snp517,8,42,65,35
snp518,25,25,43,57
snp519,25,25,50,50
snp520,25,25,93,7
snp521,28,22,99,1
snp522,19,31,99,1
snp523,4,46,97,3
snp524,23,27,15,85
snp525,16,34,1,99
snp526,8,42,99,1
snp527,32,18,53,47
snp528,17,33,35,65
snp529,40,10,59,41
snp530,8,42,31,69
snp531,45,5,2,98
snp532,12,38,23,77
snp533,43,7,63,37
snp534,46,4,17,83
snp535,30,20,58,42
snp536,42,8,5,95
snp537,23,27,11,89
snp538,46,4,68,32
snp539,46,4,32,68
snp540,4,46,66,34
snp541,2,48,90,10
snp542,17,33,61,39
snp543,1,49,27,73
snp544,44,6,20,80
snp545,7,43,63,37
snp546,42,8,35,65
snp547,29,21,99,1
snp548,39,11,52,48
snp549,20,30,82,18
snp550,13,37,91,9
snp551,32,18,85,15
snp552,10,40,82,18
snp553,47,3,31,69
snp554,24,26,80,20
snp555,1,49,52,48
snp556,32,18,78,22
snp557,26,24,96,4
snp558,45,5,96,4
snp559,17,33,11,89
snp560,22,28,68,32
snp561,36,14,53,47
snp562,34,16,96,4
snp563,1,49,21,79
snp564,1,49,25,75
snp565,27,23,80,20
snp566,10,40,64,36
snp567,47,3,65,35
snp568,37,13,58,42
snp569,30,20,44,56
snp570,2,48,70,30
snp571,7,43,69,31
snp572,30,20,36,64
snp573,35,15,82,18
snp574,39,11,17,83
snp575,30,20,82,18
snp576,44,6,95,5
snp577,19,31,31,69
snp578,28,22,38,62
snp579,19,31,28,72
snp580,26,24,56,44
snp581,6,44,10,90
snp582,14,36,24,76
snp583,13,37,86,14
snp584,7,43,82,18
snp585,3,47,93,7
snp586,4,46,76,24
snp587,7,43,85,15
snp588,34,16,46,54
snp589,30,20,96,4
snp590,38,12,76,24
snp591,11,39,92,8
snp592,49,1,70,30
snp593,13,37,3,97
snp594,33,17,30,70
snp595,5,45,20,80
snp596,36,14,77,23
snp597,13,37,25,75
snp598,23,27,27,73
snp599,23,27,92,8
snp600,38,12,70,30
snp601,49,1,29,71
snp602,24,26,12,88
snp603,29,21,56,44
snp604,36,14,85,15
snp605,17,33,18,82
snp606,43,7,63,37
snp607,34,16,51,49
snp608,34,16,58,42
snp609,5,45,48,52
snp610,22,28,39,61
snp611,17,33,69,31
snp612,25,25,80,20
snp613,45,5,55,45
snp614,15,35,53,47
snp615,10,40,64,36
snp616,49,1,15,85
snp617,49,1,37,63
snp618,49,1,84,16
snp619,11,39,89,11
snp620,29,21,51,49
snp621,44,6,8,92
snp622,48,2,74,26
snp623,39,11,74,26
snp624,36,14,77,23
snp625,17,33,46,54
snp626,3,47,43,57
snp627,8,42,9,91
snp628,24,26,35,65
snp629,1,49,61,39
snp630,46,4,36,64
snp631,41,9,7,93
snp632,8,42,7,93
snp633,20,30,71,29
snp634,37,13,24,76
snp635,8,42,38,62
snp636,11,39,88,12
snp637,47,3,90,10
snp638,7,43,53,47
snp639,7,43,19,81
snp640,30,20,10,90
snp641,16,34,67,33
snp642,35,15,69,31
snp643,23,27,19,81
snp644,31,19,90,10
snp645,41,9,34,66
snp646,4,46,21,79
snp647,16,34,92,8
snp648,5,45,1,99
snp649,36,14,44,56
snp650,3,47,75,25
snp651,36,14,4,96
snp652,49,1,18,82
snp653,35,15,65,35
snp654,13,37,58,42
snp655,37,13,99,1
snp656,27,23,21,79
snp657,39,11,20,80
snp658,8,42,69,31
snp659,43,7,82,18
snp660,39,11,93,7
snp661,37,13,94,6
snp662,36,14,12,88
snp663,46,4,4,96
snp664,32,18,79,21
snp665,17,33,48,52
snp666,18,32,86,14
snp667,3,47,22,78
snp668,24,26,42,58
snp669,3,47,85,15
snp670,2,48,59,41
snp671,14,36,72,28
snp672,40,10,60,40
snp673,41,9,46,54
snp674,10,40,78,22
snp675,4,46,65,35
snp676,36,14,47,53
snp677,39,11,59,41
snp678,10,40,85,15
snp679,39,11,96,4
snp680,3,47,80,20
snp681,34,16,17,83
snp682,4,46,25,75
snp683,49,1,37,63
snp684,33,17,7,93
snp685,15,35,62,38
snp686,42,8,95,5
snp687,7,43,51,49
snp688,27,23,15,85
snp689,36,14,97,3
snp690,36,14,66,34
snp691,42,8,86,14
snp692,49,1,35,65
snp693,7,43,56,44
snp694,25,25,42,58
snp695,47,3,25,75
snp696,49,1,58,42
snp697,2,48,29,71
snp698,44,6,64,36
snp699,43,7,74,26
snp700,14,36,52,48
snp701,22,28,13,87
snp702,27,23,89,11
snp703,28,22,97,3
snp704,44,6,47,53
snp705,38,12,77,23
snp706,23,27,22,78
snp707,29,21,57,43
snp708,5,45,58,42
snp709,12,38,37,63
snp710,1,49,37,63
snp711,27,23,24,76
snp712,4,46,24,76
snp713,5,45,70,30
snp714,47,3,36,64
snp715,30,20,96,4
snp716,16,34,84,16
snp717,30,20,86,14
snp718,37,13,64,36
snp719,49,1,55,45
snp720,34,16,64,36
snp721,48,2,81,19
snp722,35,15,87,13
snp723,7,43,13,87
snp724,47,3,4,96
snp725,14,36,14,86
snp726,1,49,37,63
snp727,15,35,39,61
snp728,15,35,54,46
snp729,15,35,44,56
snp730,11,39,57,43
snp731,49,1,74,26
snp732,12,38,39,61
snp733,2,48,9,91
snp734,3,47,92,8
snp735,3,47,70,30
snp736,46,4,84,16
snp737,15,35,45,55
snp738,41,9,50,50
snp739,32,18,90,10
snp740,45,5,41,59
snp741,6,44,42,58
snp742,13,37,57,43
snp743,36,14,92,8
snp744,14,36,60,40
snp745,15,35,91,9
snp746,27,23,27,73
snp747,17,33,13,87
snp748,32,18,15,85
snp749,18,32,55,45
snp750,25,25,67,33
snp751,29,21,4,96
snp752,30,20,89,11
snp753,46,4,1,99
snp754,38,12,8,92
snp755,9,41,74,26
snp756,23,27,39,61
snp757,7,43,45,55
snp758,11,39,17,83
snp759,11,39,72,28
snp760,39,11,96,4
snp761,22,28,9,91
snp762,32,18,78,22
snp763,34,16,85,15
snp764,49,1,23,77
snp765,6,44,9,91
snp766,17,33,46,54
snp767,15,35,87,13
snp768,38,12,84,16
snp769,1,49,84,16
snp770,35,15,36,64
snp771,1,49,4,96
snp772,3,47,13,87
snp773,27,23,73,27
snp774,44,6,91,9
snp775,24,26,11,89
snp776,49,1,79,21
snp777,41,9,30,70
snp778,44,6,99,1
snp779,26,24,28,72
snp780,41,9,42,58
snp781,33,17,71,29
snp782,3,47,26,74
snp783,10,40,94,6
snp784,8,42,96,4
snp785,15,35,35,65
snp786,34,16,16,84
snp787,22,28,98,2
snp788,18,32,42,58
snp789,48,2,87,13
snp790,1,49,56,44
snp791,28,22,66,34
snp792,17,33,12,88
snp793,13,37,85,15
snp794,13,37,76,24
snp795,35,15,46,54
snp796,20,30,46,54
snp797,23,27,23,77
snp798,47,3,54,46
snp799,18,32,87,13
snp800,24,26,89,11
snp801,39,11,3,97
snp802,30,20,84,16
snp803,12,38,50,50
snp804,43,7,24,76
snp805,27,23,29,71
snp806,49,1,72,28
snp807,26,24,44,56
snp808,16,34,76,24
snp809,38,12,49,51
snp810,29,21,67,33
snp811,48,2,43,57
snp812,5,45,49,51
snp813,9,41,96,4
snp814,8,42,72,28
snp815,44,6,81,19
snp816,46,4,95,5
snp817,6,44,56,44
snp818,1,49,93,7
snp819,36,14,20,80
snp820,46,4,26,74
snp821,21,29,1,99
snp822,39,11,6,94
snp823,27,23,9,91
snp824,5,45,22,78
snp825,1,49,46,54
snp826,34,16,40,60
snp827,24,26,88,12
snp828,17,33,59,41
snp829,9,41,28,72
snp830,14,36,74,26
snp831,44,6,67,33
snp832,42,8,89,11
snp833,6,44,59,41
snp834,24,26,56,44
snp835,17,33,20,80
snp836,24,26,94,6
snp837,9,41,96,4
snp838,10,40,27,73
snp839,48,2,49,51
snp840,29,21,20,80
snp841,45,5,31,69
snp842,21,29,61,39
snp843,20,30,75,25
snp844,49,1,24,76
snp845,45,5,78,22
snp846,7,43,78,22
snp847,30,20,91,9
snp848,4,46,70,30
snp849,27,23,20,80
snp850,40,10,23,77
snp851,49,1,30,70
snp852,36,14,1,99
snp853,10,40,19,81
snp854,26,24,95,5
snp855,34,16,96,4
snp856,34,16,84,16
snp857,34,16,34,66
snp858,17,33,5,95
snp859,33,17,68,32
snp860,15,35,75,25
snp861,16,34,69,31
snp862,20,30,44,56
snp863,37,13,81,19
snp864,18,32,68,32
snp865,4,46,67,33
snp866,13,37,53,47
snp867,8,42,2,98
snp868,44,6,86,14
snp869,5,45,47,53
snp870,34,16,95,5
snp871,6,44,56,44
snp872,14,36,70,30
snp873,39,11,98,2
snp874,22,28,61,39
snp875,21,29,87,13
snp876,21,29,41,59
snp877,7,43,96,4
snp878,16,34,63,37
snp879,27,23,73,27
snp880,49,1,55,45
snp881,11,39,55,45
snp882,42,8,90,10
snp883,34,16,99,1
snp884,1,49,8,92
snp885,21,29,54,46
snp886,37,13,58,42
snp887,25,25,99,1
snp888,2,48,77,23
snp889,36,14,74,26
snp890,23,27,10,90
snp891,16,34,95,5
snp892,47,3,51,49
snp893,34,16,47,53
snp894,30,20,1,99
snp895,24,26,76,24
snp896,37,13,11,89
snp897,28,22,83,17
snp898,7,43,75,25
snp899,1,49,99,1
snp900,13,37,47,53
snp901,5,45,57,43
snp902,26,24,11,89
snp903,2,48,10,90
snp904,19,31,4,96
snp905,13,37,54,46
snp906,9,41,13,87
snp907,38,12,87,13
snp908,23,27,53,47
snp909,27,23,69,31
snp910,2,48,91,9
snp911,41,9,94,6
snp912,47,3,55,45
snp913,22,28,76,24
snp914,33,17,32,68
snp915,19,31,13,87
snp916,30,20,85,15
snp917,7,43,55,45
snp918,28,22,96,4
snp919,17,33,2,98
snp920,7,43,20,80
snp921,7,43,2,98
snp922,37,13,94,6
snp923,37,13,76,24
snp924,39,11,2,98
snp925,46,4,20,80
snp926,1,49,18,82
snp927,46,4,57,43
snp928,18,32,10,90
snp929,10,40,66,34
snp930,37,13,76,24
snp931,3,47,94,6
snp932,42,8,35,65
snp933,11,39,34,66
snp934,1,49,2,98
snp935,13,37,45,55
snp936,11,39,54,46
snp937,39,11,60,40
snp938,25,25,49,51
snp939,29,21,95,5
snp940,26,24,12,88
snp941,21,29,30,70
snp942,46,4,23,77
snp943,37,13,76,24
snp944,12,38,32,68
snp945,36,14,6,94
snp946,23,27,64,36
snp947,14,36,31,69
snp948,35,15,31,69
snp949,47,3,4,96
snp950,24,26,60,40
snp951,25,25,19,81
snp952,49,1,67,33
snp953,24,26,62,38
snp954,30,20,59,41
snp955,16,34,70,30
snp956,21,29,46,54
snp957,32,18,32,68
snp958,45,5,96,4
snp959,34,16,97,3
snp960,33,17,51,49
snp961,35,15,54,46
snp962,31,19,54,46
snp963,43,7,19,81
snp964,18,32,94,6
snp965,49,1,15,85
snp966,36,14,89,11
snp967,28,22,10,90
snp968,27,23,28,72
snp969,45,5,70,30
snp970,35,15,75,25
snp971,23,27,82,18
snp972,23,27,88,12
snp973,25,25,31,69
snp974,23,27,25,75
snp975,21,29,54,46
snp976,4,46,84,16
snp977,30,20,43,57
snp978,34,16,26,74
snp979,42,8,27,73
snp980,16,34,40,60
snp981,19,31,1,99
snp982,15,35,22,78
snp983,29,21,31,69
snp984,18,32,99,1
snp985,26,24,20,80
snp986,33,17,36,64
snp987,45,5,60,40
snp988,31,19,98,2
snp989,13,37,73,27
snp990,13,37,54,46
snp991,14,36,24,76
snp992,23,27,45,55
snp993,43,7,93,7
snp994,31,19,16,84
snp995,47,3,12,88
snp996,34,16,9,91
snp997,9,41,1,99
snp998,33,17,31,69
snp999,49,1,30,70
