SNP_Name,p_value,is_significant,is_bonferroni_significant
snp0,1.5536843784846445e-07,False,True
snp1,2.3174176782192196e-18,True,True
snp2,0.017697927824351884,False,False
snp3,0.9323393164817403,False,False
snp4,0.9732042180668316,False,False
snp5,0.9538112255272457,False,False
snp6,1.0,False,False
snp7,1.0,False,False
snp8,0.7618959764898161,False,False
snp9,0.1926438765223767,False,False
snp10,0.43005539138191384,False,False
snp11,1.6106155578762505e-12,True,True
snp12,4.6354107886872713e-07,False,True
snp13,1.0,False,False
snp14,4.962763659829449e-07,False,True
snp15,0.9999878517638991,False,False
snp16,0.9999999999990578,False,False
snp17,0.9999929561529107,False,False
snp18,0.9999999901149479,False,False
snp19,0.09033269627635862,False,False
snp20,0.9999920812407472,False,False
snp21,0.9992391798544665,False,False
snp22,0.9999997834880044,False,False
snp23,0.9975047204134893,False,False
snp24,0.688559468336375,False,False
snp25,0.5356962896741144,False,False
snp26,0.9999994579505682,False,False
snp27,0.9999999832842491,False,False
snp28,1.0,False,False
snp29,0.9849906840446593,False,False
snp30,2.6998286458997213e-12,True,True
snp31,1.113257225122576e-21,True,True
snp32,0.999999999999997,False,False
snp33,0.9999999999997977,False,False
snp34,0.22498454868623846,False,False
snp35,2.1056303046305604e-16,True,True
snp36,1.600443836047148e-06,False,True
snp37,0.021263867734337968,False,False
snp38,0.024974265996867216,False,False
snp39,9.164275853866209e-06,False,True
snp40,1.1832946978404814e-07,False,True
snp41,1.0,False,False
snp42,1.2314954846854388e-05,False,True
snp43,0.9999999476382911,False,False
snp44,0.9999999876312705,False,False
snp45,1.7397919860291195e-05,False,True
snp46,1.0,False,False
snp47,1.0,False,False
snp48,0.9999999996665927,False,False
snp49,3.384258813291802e-07,False,True
snp50,0.10810810810810809,False,False
snp51,0.9999466880468054,False,False
snp52,1.0,False,False
snp53,0.9581649335977361,False,False
snp54,0.9999978921455415,False,False
snp55,0.9081704533940191,False,False
snp56,7.834751898390179e-21,True,True
snp57,1.4255513861249067e-08,True,True
snp58,0.006080415753943,False,False
snp59,0.6583280862716516,False,False
snp60,1.0905650151587406e-10,True,True
snp61,0.9999237558447118,False,False
snp62,2.2903482826497705e-14,True,True
snp63,4.788648362192765e-08,True,True
snp64,1.0,False,False
snp65,1.0,False,False
snp66,0.994121077031879,False,False
snp67,1.9702678809525072e-08,True,True
snp68,0.0009029433566935748,False,False
snp69,3.565568629349628e-06,False,True
snp70,0.07906452266784897,False,False
snp71,9.612628440055685e-07,False,True
snp72,0.9999999999979429,False,False
snp73,0.9999994793674495,False,False
snp74,0.6661737394992155,False,False
snp75,0.9999999999920058,False,False
snp76,1.7637394209898503e-09,True,True
snp77,4.4400448115490405e-12,True,True
snp78,0.9999973657716998,False,False
snp79,0.02086404556848606,False,False
snp80,7.160012993740422e-11,True,True
snp81,0.0019022370039630887,False,False
snp82,1.0,False,False
snp83,1.0,False,False
snp84,0.9995292101896732,False,False
snp85,6.337323238643034e-06,False,True
snp86,7.409581191943725e-08,False,True
snp87,0.7066932704516597,False,False
snp88,0.9999999285769574,False,False
snp89,0.9490990582182925,False,False
snp90,6.969453550541451e-05,False,False
snp91,0.9999999999999994,False,False
snp92,9.2873042563727e-07,False,True
snp93,6.813801120731701e-24,True,True
snp94,5.823330467939132e-05,False,False
snp95,7.870243761263036e-19,True,True
snp96,3.141118030910822e-08,True,True
snp97,1.0,False,False
snp98,0.8888833543481651,False,False
snp99,0.7735976225764147,False,False
snp100,0.9999925367975165,False,False
snp101,0.9999983499910282,False,False
snp102,0.0011468168064874271,False,False
snp103,2.6599995040868217e-05,False,True
snp104,0.9840689173637851,False,False
snp105,0.9889922724680695,False,False
snp106,0.995989988929288,False,False
snp107,0.000124171611855359,False,False
snp108,0.9999999999361775,False,False
snp109,0.926169976681106,False,False
snp110,0.9636091937770801,False,False
snp111,1.1832946978404814e-07,False,True
snp112,1.0209451133124617e-09,True,True
snp113,0.24705525673349152,False,False
snp114,0.0961237114406045,False,False
snp115,0.9989649105116256,False,False
snp116,3.9809072644836897e-14,True,True
snp117,0.0005590392212285941,False,False
snp118,0.0011919305577498172,False,False
snp119,0.07343146271827906,False,False
snp120,0.9999999999846412,False,False
snp121,0.9999237558447118,False,False
snp122,0.9999999999999687,False,False
snp123,1.0,False,False
snp124,2.3796961150915236e-14,True,True
snp125,0.9999999290086566,False,False
snp126,0.8991204219249259,False,False
snp127,3.1318215102393643e-07,False,True
snp128,6.590682808252128e-09,True,True
snp129,0.9965068342539053,False,False
snp130,0.12804325161168614,False,False
snp131,6.443649459687358e-05,False,False
snp132,0.9999688762913892,False,False
snp133,0.9999999999970051,False,False
snp134,1.6807468477070091e-06,False,True
snp135,0.960829281375413,False,False
snp136,0.8901296050326593,False,False
snp137,0.0014078148207175196,False,False
snp138,0.016964180571032102,False,False
snp139,6.705880254697889e-11,True,True
snp140,0.0036985000942786565,False,False
snp141,3.7123737429708375e-14,True,True
snp142,0.9999999999999923,False,False
snp143,0.2835775739703539,False,False
snp144,1.1144807980650544e-07,False,True
snp145,0.9999999988272943,False,False
snp146,1.0758154971305664e-09,True,True
snp147,0.5520885983748955,False,False
snp148,5.599378788345285e-19,True,True
snp149,0.0026669262801319506,False,False
snp150,0.13575542249550618,False,False
snp151,1.7637394209898503e-09,True,True
snp152,0.9999999857444861,False,False
snp153,0.9999999534996764,False,False
snp154,0.4092846723346887,False,False
snp155,0.00030049198151543285,False,False
snp156,0.0016949266323459354,False,False
snp157,0.0001342921093354552,False,False
snp158,7.4632024834422585e-06,False,True
snp159,0.9995662705443912,False,False
snp160,0.999999999992957,False,False
snp161,1.0,False,False
snp162,1.0,False,False
snp163,0.9999999966422828,False,False
snp164,0.9999990877811225,False,False
snp165,0.015165047079595095,False,False
snp166,0.9334059736089872,False,False
snp167,0.7164224260296461,False,False
snp168,0.9999999363362588,False,False
snp169,6.311940012215857e-08,False,True
snp170,0.9999999975498085,False,False
snp171,4.909262737137667e-21,True,True
snp172,0.9999793081550175,False,False
snp173,0.02797137843094992,False,False
snp174,2.1056303046305604e-16,True,True
snp175,0.16057364840004476,False,False
snp176,1.0,False,False
snp177,4.744623750187722e-17,True,True
snp178,0.9999999685888197,False,False
snp179,0.42632648999441713,False,False
snp180,0.46540455266872593,False,False
snp181,0.0001311905401337982,False,False
snp182,0.9999999987441415,False,False
snp183,0.9999999259041881,False,False
snp184,0.9999999999999998,False,False
snp185,0.9186926825614805,False,False
snp186,0.9999999999831839,False,False
snp187,0.9986804207192492,False,False
snp188,0.2620218657726593,False,False
snp189,1.802192096232733e-13,True,True
snp190,0.9999999994916411,False,False
snp191,0.9999793081550175,False,False
snp192,0.9990989686990203,False,False
snp193,0.806457464175585,False,False
snp194,0.23671545489699147,False,False
snp195,0.9999990249788282,False,False
snp196,1.1991553222370776e-15,True,True
snp197,2.3806691391421015e-10,True,True
snp198,0.9998458082130417,False,False
snp199,0.38638516525300565,False,False
snp200,0.6567699665760702,False,False
snp201,2.170001899672933e-22,True,True
snp202,0.9989917833212878,False,False
snp203,0.6133923907085619,False,False
snp204,0.24292258586943202,False,False
snp205,0.9750257340031327,False,False
snp206,0.9999999999819306,False,False
snp207,0.9999999990209734,False,False
snp208,1.2987067691929276e-14,True,True
snp209,9.062431379310294e-10,True,True
snp210,1.0,False,False
snp211,7.379585775931588e-05,False,False
snp212,0.22636942358392054,False,False
snp213,1.539945818804421e-21,True,True
snp214,0.701364577961102,False,False
snp215,0.9998688094598662,False,False
snp216,0.19305237506730724,False,False
snp217,3.1268598966731125e-20,True,True
snp218,3.497890458045542e-07,False,True
snp219,0.9999509945689166,False,False
snp220,0.9997683903435357,False,False
snp221,0.999999999911609,False,False
snp222,1.0,False,False
snp223,0.9721315320379758,False,False
snp224,0.7395664707673515,False,False
snp225,0.9995472806214442,False,False
snp226,6.20058350746129e-06,False,True
snp227,0.9999999848611906,False,False
snp228,0.12777109070808235,False,False
snp229,0.9914842518259867,False,False
snp230,0.9829423137926464,False,False
snp231,0.9081704533940191,False,False
snp232,0.9357070827477268,False,False
snp233,2.689250928592009e-07,False,True
snp234,0.9999884058382408,False,False
snp235,0.11170256357467194,False,False
snp236,1.1222477685506934e-12,True,True
snp237,0.02086404556848606,False,False
snp238,0.9999999999816757,False,False
snp239,0.9999999999999998,False,False
snp240,1.0,False,False
snp241,7.892540597602537e-05,False,False
snp242,0.00017453851707561896,False,False
snp243,2.4906244820639876e-10,True,True
snp244,2.860863836264443e-18,True,True
snp245,1.0,False,False
snp246,6.714926675133268e-15,True,True
snp247,0.3831383689638007,False,False
snp248,1.1230569986509377e-27,True,True
snp249,0.9999967553168942,False,False
snp250,1.054173663330622e-18,True,True
snp251,0.0014399574319538934,False,False
snp252,3.9018408333073085e-07,False,True
snp253,3.542757360722032e-08,True,True
snp254,1.6896400180572558e-08,True,True
snp255,8.934807354035922e-14,True,True
snp256,0.9904852163802448,False,False
snp257,0.11111664565183486,False,False
snp258,0.9994663603504702,False,False
snp259,0.42632648999441713,False,False
snp260,0.0022639811167632254,False,False
snp261,0.042533351881055365,False,False
snp262,1.0689399309953687e-11,True,True
snp263,0.3836172385519884,False,False
snp264,0.9457087014167487,False,False
snp265,1.0,False,False
snp266,0.999907939331601,False,False
snp267,1.0,False,False
snp268,1.0,False,False
snp269,0.2793968819165617,False,False
snp270,3.1082634832297463e-17,True,True
snp271,1.0,False,False
snp272,0.9999916843578134,False,False
snp273,0.9999998929169356,False,False
snp274,0.8161515546592103,False,False
snp275,0.9043329628144787,False,False
snp276,0.0063566406650745685,False,False
snp277,0.9999998209076079,False,False
snp278,6.464877817249031e-10,True,True
snp279,0.9999999951891337,False,False
snp280,0.9997040784691418,False,False
snp281,6.790171006188196e-17,True,True
snp282,0.9999999998488985,False,False
snp283,0.9551021926833743,False,False
snp284,4.9005431083408366e-05,False,True
snp285,0.035520667941599,False,False
snp286,0.7042920874156431,False,False
snp287,0.4764322771312026,False,False
snp288,2.4826723258780294e-10,True,True
snp289,0.9991680665616112,False,False
snp290,1.5474077422225927e-17,True,True
snp291,4.173273229155221e-05,False,True
snp292,0.9999999999980251,False,False
snp293,0.9118956520190737,False,False
snp294,1.0,False,False
snp295,0.088427159283762,False,False
snp296,2.3914822645467147e-09,True,True
snp297,3.256602847401536e-08,True,True
snp298,0.850979779552656,False,False
snp299,0.9585977096605344,False,False
snp300,0.9996157427829958,False,False
snp301,0.019985606626469938,False,False
snp302,0.24688455904010354,False,False
snp303,0.9886178431940988,False,False
snp304,0.9999999441815194,False,False
snp305,0.9999999999999998,False,False
snp306,0.00018594553261856736,False,False
snp307,0.999414089485612,False,False
snp308,8.705329425491907e-26,True,True
snp309,0.4090288000559414,False,False
snp310,0.9999999999999963,False,False
snp311,0.14761906361794025,False,False
snp312,0.18007869939719565,False,False
snp313,0.6242531151352234,False,False
snp314,0.06966643547947475,False,False
snp315,0.0003408250463660505,False,False
snp316,0.00011048215628105898,False,False
snp317,4.63944465305236e-07,False,True
snp318,0.9988885291184036,False,False
snp319,0.02710575289167782,False,False
snp320,0.3018390133931015,False,False
snp321,1.7969930681701138e-06,False,True
snp322,0.0003172737630057545,False,False
snp323,0.9999831153451998,False,False
snp324,2.5684343430739563e-21,True,True
snp325,0.9999999999994466,False,False
snp326,5.05490846656829e-05,False,False
snp327,0.0010643731045067717,False,False
snp328,0.9999999999999936,False,False
snp329,0.9844129847859161,False,False
snp330,5.725715901366521e-06,False,True
snp331,4.221202428631655e-08,True,True
snp332,1.0,False,False
snp333,2.1671426530512457e-08,True,True
snp334,0.13591001179884674,False,False
snp335,7.592224402511535e-18,True,True
snp336,0.8069476249326928,False,False
snp337,9.200454662514734e-13,True,True
snp338,0.46923688181395057,False,False
snp339,0.9999991827182948,False,False
snp340,0.47762479541085295,False,False
snp341,0.16740748307134312,False,False
snp342,1.122773490055552e-15,True,True
snp343,1.0,False,False
snp344,0.006846414229875258,False,False
snp345,0.9999999998297527,False,False
snp346,0.2793968819165617,False,False
snp347,0.015587015214083942,False,False
snp348,5.913793001057184e-07,False,True
snp349,0.9999999999917228,False,False
snp350,0.9951285562566204,False,False
snp351,0.8448309565788378,False,False
snp352,1.0905650151587406e-10,True,True
snp353,0.9830358194289679,False,False
snp354,1.0,False,False
snp355,0.6136148347469943,False,False
snp356,0.9999999999998643,False,False
snp357,0.9999999075437103,False,False
snp358,4.6354107886872713e-07,False,True
snp359,0.9999999999999972,False,False
snp360,0.9997440844389924,False,False
snp361,0.24292258586943202,False,False
snp362,0.031576278380014415,False,False
snp363,0.4699306657345001,False,False
snp364,0.9998524036296934,False,False
snp365,0.9997555934921425,False,False
snp366,0.9833050111589443,False,False
snp367,0.2975734013378644,False,False
snp368,0.47093413858998,False,False
snp369,0.9758115865635697,False,False
snp370,0.9999999943265637,False,False
snp371,0.12662916624856074,False,False
snp372,0.9922990095469572,False,False
snp373,0.999999999996483,False,False
snp374,0.9998688094598662,False,False
snp375,1.0,False,False
snp376,0.9999999999997977,False,False
snp377,0.2245667292420435,False,False
snp378,0.941562042365108,False,False
snp379,0.8966418247029563,False,False
snp380,1.1837727297754574e-19,True,True
snp381,1.5868271111233073e-16,True,True
snp382,1.9702678809525072e-08,True,True
snp383,0.9999997165735708,False,False
snp384,8.573874755600817e-12,True,True
snp385,1.4556803417927162e-06,False,True
snp386,0.9999310609988752,False,False
snp387,0.983931950516318,False,False
snp388,0.9999417666953206,False,False
snp389,0.07343146271827906,False,False
snp390,0.018538784850398334,False,False
snp391,0.9990369047704394,False,False
snp392,0.9999999999901462,False,False
snp393,0.9840689173637851,False,False
snp394,1.4255513861249067e-08,True,True
snp395,1.0,False,False
snp396,0.0062954677056482845,False,False
snp397,1.1837727297754574e-19,True,True
snp398,0.9999999999985654,False,False
snp399,0.5799708488075104,False,False
snp400,0.999999998737867,False,False
snp401,0.008777260503480365,False,False
snp402,0.0001602744635033284,False,False
snp403,1.0689399309953687e-11,True,True
snp404,0.0001311905401337982,False,False
snp405,0.9999999999987595,False,False
snp406,9.897348090716343e-13,True,True
snp407,4.969053404784743e-07,False,True
snp408,1.9561542651171376e-07,False,True
snp409,0.0797086719425316,False,False
snp410,0.012964079825642445,False,False
snp411,3.7431057176828306e-21,True,True
snp412,0.9999999999735809,False,False
snp413,0.21457831663978635,False,False
snp414,0.9999999999995274,False,False
snp415,0.04168487817405809,False,False
snp416,0.43005539138191384,False,False
snp417,0.999999939700635,False,False
snp418,1.12014513822303e-15,True,True
snp419,0.9842055668292147,False,False
snp420,0.9984621744097926,False,False
snp421,4.5102032688275686e-09,True,True
snp422,0.9999999999999989,False,False
snp423,0.9999999950223769,False,False
snp424,5.994022143460198e-08,False,True
snp425,7.142304263853655e-08,False,True
snp426,1.8716782100704968e-05,False,True
snp427,0.9999999960743653,False,False
snp428,0.0002559155610075711,False,False
snp429,0.3867164495898145,False,False
snp430,5.992308111147498e-06,False,True
snp431,1.0,False,False
snp432,0.8659818470216294,False,False
snp433,0.9996759341890358,False,False
snp434,0.9999040467814175,False,False
snp435,0.999944376323176,False,False
snp436,0.9999996820249879,False,False
snp437,0.9999997310749071,False,False
snp438,0.9999991827182948,False,False
snp439,0.9999665976647228,False,False
snp440,0.00015516380064632115,False,False
snp441,1.0,False,False
snp442,1.6819403502839593e-05,False,True
snp443,1.4717018736558616e-18,True,True
snp444,0.7029233379838016,False,False
snp445,0.5875745347408661,False,False
snp446,0.1838484453407896,False,False
snp447,2.4845169891962775e-37,True,True
snp448,0.9745106098211722,False,False
snp449,0.003128337678685411,False,False
snp450,1.0083135637559e-07,False,True
snp451,0.9999999866248985,False,False
snp452,0.001036609151209808,False,False
snp453,1.0,False,False
snp454,1.0,False,False
snp455,0.05744587771064465,False,False
snp456,0.9982140277040287,False,False
snp457,9.307165126257596e-15,True,True
snp458,0.9994478820048229,False,False
snp459,1.084657550440635e-30,True,True
snp460,0.9936433593349254,False,False
snp461,0.9999999999994436,False,False
snp462,0.9999999999994729,False,False
snp463,1.0,False,False
snp464,0.042509734152650386,False,False
snp465,0.0001448029741272706,False,False
snp466,1.2558584896204642e-09,True,True
snp467,4.8874044866635824e-05,False,True
snp468,0.00814555364342487,False,False
snp469,0.16802003298026225,False,False
snp470,0.9829423137926464,False,False
snp471,0.01635514317908139,False,False
snp472,0.009329384590768448,False,False
snp473,1.3514275403791794e-08,True,True
snp474,0.9999876856803455,False,False
snp475,0.7803714950879647,False,False
snp476,0.999995427630983,False,False
snp477,0.6242531151352234,False,False
snp478,5.155372229906848e-07,False,True
snp479,1.009305924240597e-06,False,True
snp480,1.0,False,False
snp481,0.9999992959100513,False,False
snp482,0.011382156805901192,False,False
snp483,4.354437738285864e-06,False,True
snp484,1.0,False,False
snp485,2.1651199553215883e-07,False,True
snp486,0.990817913650191,False,False
snp487,0.9999999999997922,False,False
snp488,1.9190177146788034e-07,False,True
snp489,0.9999999997881316,False,False
snp490,0.9999688762913892,False,False
snp491,0.9833050111589443,False,False
snp492,0.001308395656079794,False,False
snp493,0.9989137329960923,False,False
snp494,3.3701863522961714e-08,True,True
snp495,0.0001604510362860078,False,False
snp496,0.9999999999992916,False,False
snp497,1.4181733458213447e-11,True,True
snp498,0.9937648410078536,False,False
snp499,0.9999534760248798,False,False
snp500,1.0,False,False
snp501,1.0,False,False
snp502,0.20256722900197713,False,False
snp503,0.99782952277214,False,False
snp504,0.9999994086206999,False,False
snp505,0.9999967553168942,False,False
snp506,0.9999999738406982,False,False
snp507,0.1542104668403573,False,False
snp508,0.9999999912948537,False,False
snp509,0.8937975103639166,False,False
snp510,1.0,False,False
snp511,0.0015020515390225912,False,False
snp512,0.9840689173637851,False,False
snp513,0.9999158597360966,False,False
snp514,1.0388439584166157e-05,False,True
snp515,0.13355997814048137,False,False
snp516,0.33130093057439625,False,False
snp517,0.9999999992843087,False,False
snp518,0.26153721725364637,False,False
snp519,0.5686969516456937,False,False
snp520,0.9999999996690753,False,False
snp521,0.9999999999998527,False,False
snp522,1.0,False,False
snp523,1.0,False,False
snp524,6.106901378340258e-05,False,False
snp525,4.6500323542983066e-08,True,True
snp526,1.0,False,False
snp527,0.13401815297837066,False,False
snp528,0.6168616310361993,False,False
snp529,0.007702242790083266,False,False
snp530,0.9871012785195522,False,False
snp531,4.711692598246619e-30,True,True
snp532,0.5222605163825034,False,False
snp533,0.00242347547446657,False,False
snp534,1.1397043023094257e-19,True,True
snp535,0.4780103503720294,False,False
snp536,1.8295789967026376e-23,True,True
snp537,3.0983667794282617e-06,False,True
snp538,0.0006538216296576897,False,False
snp539,4.1596518311530933e-13,True,True
snp540,0.9999999999999106,False,False
snp541,1.0,False,False
snp542,0.9995395017414097,False,False
snp543,0.9999973657716998,False,False
snp544,4.73741705230561e-16,True,True
snp545,0.9999999994916411,False,False
snp546,7.39387340053733e-09,True,True
snp547,0.9999999999993268,False,False
snp548,0.0015799657073148502,False,False
snp549,0.9999999521135163,False,False
snp550,1.0,False,False
snp551,0.9989356268954932,False,False
snp552,0.9999999999999911,False,False
snp553,1.6222010672291617e-14,True,True
snp554,0.9999826020801397,False,False
snp555,0.9999999999993925,False,False
snp556,0.9773420735410825,False,False
snp557,0.9999999999889057,False,False
snp558,0.9623838956809959,False,False
snp559,0.0009353709145771644,False,False
snp560,0.9986280791735774,False,False
snp561,0.01896607782474897,False,False
snp562,0.9999995360555347,False,False
snp563,0.999944376323176,False,False
snp564,0.9999925625231333,False,False
snp565,0.9997283921713678,False,False
snp566,0.9999999662981365,False,False
snp567,4.349292048927053e-05,False,True
snp568,0.03987705953459538,False,False
snp569,0.046822740946834654,False,False
snp570,1.0,False,False
snp571,0.9999999999946048,False,False
snp572,0.004444484248372146,False,False
snp573,0.9684237216199856,False,False
snp574,3.5573606452402e-13,True,True
snp575,0.9989137329960923,False,False
snp576,0.9669505444732907,False,False
snp577,0.24920886222105867,False,False
snp578,0.027605181977947785,False,False
snp579,0.1451800926174278,False,False
snp580,0.7384627827463536,False,False
snp581,0.4529933372189409,False,False
snp582,0.366457463411315,False,False
snp583,0.9999999999999771,False,False
snp584,1.0,False,False
snp585,1.0,False,False
snp586,1.0,False,False
snp587,1.0,False,False
snp588,0.00846652985318321,False,False
snp589,0.9999999970794807,False,False
snp590,0.5846652882494406,False,False
snp591,1.0,False,False
snp592,1.2314954846854388e-05,False,True
snp593,4.543424368142118e-05,False,True
snp594,2.6599995040868217e-05,False,True
snp595,0.9668465227392891,False,False
snp596,0.8087104807150034,False,False
snp597,0.5220144924072443,False,False
snp598,0.016694988841055657,False,False
snp599,0.9999999999204026,False,False
snp600,0.2837920637911701,False,False
snp601,7.592224402511535e-18,True,True
snp602,2.4494881651388462e-06,False,True
snp603,0.4778347400735437,False,False
snp604,0.9814612151496017,False,False
snp605,0.025320596070445185,False,False
snp606,0.00242347547446657,False,False
snp607,0.034717951703431386,False,False
snp608,0.1567896483068926,False,False
snp609,0.9999998209076079,False,False
snp610,0.339390142646251,False,False
snp611,0.9999904216729796,False,False
snp612,0.9999545060020719,False,False
snp613,7.396848868961826e-06,False,True
snp614,0.9979679804601256,False,False
snp615,0.9999999662981365,False,False
snp616,6.839247652831604e-25,True,True
snp617,9.307165126257596e-15,True,True
snp618,0.006846414229875258,False,False
snp619,1.0,False,False
snp620,0.2625931593166896,False,False
snp621,3.980865211449154e-23,True,True
snp622,0.0005047565682953642,False,False
snp623,0.3729521950781914,False,False
snp624,0.8087104807150034,False,False
snp625,0.9436396967366459,False,False
snp626,0.9999999368805998,False,False
snp627,0.15806585389328595,False,False
snp628,0.08743521212830986,False,False
snp629,0.9999999999999994,False,False
snp630,9.85372981664475e-12,True,True
snp631,8.51343812133218e-21,True,True
snp632,0.07710994932740035,False,False
snp633,0.9999360392499025,False,False
snp634,4.637941714578327e-09,True,True
snp635,0.998840727298816,False,False
snp636,1.0,False,False
snp637,0.3127391949766103,False,False
snp638,0.9999997165735708,False,False
snp639,0.8391485839624807,False,False
snp640,1.9895727088695358e-10,True,True
snp641,0.9999900203476163,False,False
snp642,0.5281714436427721,False,False
snp643,0.0006209399125900564,False,False
snp644,0.9999870053326416,False,False
snp645,1.7544284164371527e-08,True,True
snp646,0.9908815196857992,False,False
snp647,0.9999999999999988,False,False
snp648,0.015931082636214944,False,False
snp649,0.0009630952295606337,False,False
snp650,1.0,False,False
snp651,8.4726022097914e-19,True,True
snp652,3.878340416227837e-23,True,True
snp653,0.33630251786475,False,False
snp654,0.9999591905448524,False,False
snp655,0.9999999476382911,False,False
snp656,5.823330467939132e-05,False,False
snp657,7.042983944470562e-12,True,True
snp658,0.9999999999643088,False,False
snp659,0.35524099995947467,False,False
snp660,0.9978008313303168,False,False
snp661,0.9998551970258728,False,False
snp662,2.1674862908599884e-13,True,True
snp663,4.502204643990243e-29,True,True
snp664,0.9840307994816069,False,False
snp665,0.9652820482965686,False,False
snp666,0.9999999999250831,False,False
snp667,0.9982268379015605,False,False
snp668,0.29987345460878667,False,False
snp669,1.0,False,False
snp670,0.9999999999998979,False,False
snp671,0.9999999582866005,False,False
snp672,0.01050829415274233,False,False
snp673,1.6286404428569962e-05,False,True
snp674,0.9999999999994466,False,False
snp675,0.9999999999997959,False,False
snp676,0.002896843850395879,False,False
snp677,0.015587015214083942,False,False
snp678,0.9999999999999998,False,False
snp679,0.9998677096782252,False,False
snp680,1.0,False,False
snp681,9.12808203207224e-10,True,True
snp682,0.9979553515993475,False,False
snp683,9.307165126257596e-15,True,True
snp684,3.7123737429708375e-14,True,True
snp685,0.9999538011230846,False,False
snp686,0.9936170471846304,False,False
snp687,0.9999991412323752,False,False
snp688,1.0367283516283839e-06,False,True
snp689,0.99999892189586,False,False
snp690,0.2907405595077207,False,False
snp691,0.7201442682225478,False,False
snp692,1.74725948166713e-15,True,True
snp693,0.9999999509596494,False,False
snp694,0.22498454868623846,False,False
snp695,5.889325915366966e-17,True,True
snp696,1.8819688542374726e-08,True,True
snp697,0.9999876850451531,False,False
snp698,0.001308395656079794,False,False
snp699,0.06905963897708185,False,False
snp700,0.9986804207192492,False,False
snp701,4.04286804805507e-05,False,True
snp702,0.9999995846369291,False,False
snp703,0.9999999999720365,False,False
snp704,4.962763659829449e-07,False,True
snp705,0.6374338671587112,False,False
snp706,0.002554428361576995,False,False
snp707,0.5243965563577281,False,False
snp708,0.9999999996406138,False,False
snp709,0.9645568212804627,False,False
snp710,0.9999999897512118,False,False
snp711,0.00028972762124420575,False,False
snp712,0.9969903527177368,False,False
snp713,0.9999999999999681,False,False
snp714,1.0105654905707408e-12,True,True
snp715,0.9999999970794807,False,False
snp716,0.9999999999694804,False,False
snp717,0.9998966170622674,False,False
snp718,0.14752122153086913,False,False
snp719,3.1204426731256857e-09,True,True
snp720,0.3831383689638007,False,False
snp721,0.008494570588499955,False,False
snp722,0.9963391644510761,False,False
snp723,0.5252712022152357,False,False
snp724,1.9523262688577607e-30,True,True
snp725,0.033932746664983936,False,False
snp726,0.9999999897512118,False,False
snp727,0.8974442956889676,False,False
snp728,0.9985921851792825,False,False
snp729,0.9675882187701125,False,False
snp730,0.9999927973485193,False,False
snp731,8.541102466237106e-05,False,False
snp732,0.9792878827103156,False,False
snp733,0.9323393164817403,False,False
snp734,1.0,False,False
snp735,0.9999999999999998,False,False
snp736,0.13355997814048137,False,False
snp737,0.9750701021165202,False,False
snp738,0.00010393445696225455,False,False
snp739,0.9999642705951872,False,False
snp740,2.4735068423406255e-09,True,True
snp741,0.9999804823145142,False,False
snp742,0.9999347391157323,False,False
snp743,0.9996759341890358,False,False
snp744,0.9999559173557554,False,False
snp745,0.999999999999999,False,False
snp746,0.0011629420058927873,False,False
snp747,0.002927212831802961,False,False
snp748,2.262085396352351e-09,True,True
snp749,0.9913374092909861,False,False
snp750,0.9855176306334713,False,False
snp751,1.6398045878803706e-13,True,True
snp752,0.9999891167509237,False,False
snp753,1.033237019256686e-32,True,True
snp754,2.301367254604297e-17,True,True
snp755,0.9999999999965097,False,False
snp756,0.2589772409994559,False,False
snp757,0.9999817690527385,False,False
snp758,0.2983109023140074,False,False
snp759,0.9999999994563108,False,False
snp760,0.9998677096782252,False,False
snp761,1.5326823980337522e-06,False,True
snp762,0.9773420735410825,False,False
snp763,0.9951583425368977,False,False
snp764,1.5178540169019623e-20,True,True
snp765,0.3777097797009444,False,False
snp766,0.9436396967366459,False,False
snp767,0.9999999999997833,False,False
snp768,0.9186926825614805,False,False
snp769,1.0,False,False
snp770,7.624415528819574e-05,False,False
snp771,0.872739154526412,False,False
snp772,0.9502681590055916,False,False
snp773,0.9935966584072274,False,False
snp774,0.808430884491904,False,False
snp775,1.0398553134066652e-06,False,True
snp776,0.000830130569309353,False,False
snp777,1.0758154971305664e-09,True,True
snp778,0.99966038389729,False,False
snp779,0.003597456631405356,False,False
snp780,2.093711600289264e-06,False,True
snp781,0.7928472298917929,False,False
snp782,0.9996729232585151,False,False
snp783,1.0,False,False
snp784,1.0,False,False
snp785,0.786150214892362,False,False
snp786,3.597317598080731e-10,True,True
snp787,0.9999999999999998,False,False
snp788,0.8113177638095341,False,False
snp789,0.06880317556809862,False,False
snp790,0.9999999999999687,False,False
snp791,0.9145711998484956,False,False
snp792,0.0016949266323459354,False,False
snp793,0.999999999999925,False,False
snp794,0.9999999995138438,False,False
snp795,0.004279156528839156,False,False
snp796,0.8082668074364429,False,False
snp797,0.0038868230363521723,False,False
snp798,1.5536843784846445e-07,False,True
snp799,0.9999999999749086,False,False
snp800,0.9999999889682661,False,False
snp801,1.9842025938023936e-22,True,True
snp802,0.999637409750886,False,False
snp803,0.999498348295888,False,False
snp804,2.1104730607051852e-13,True,True
snp805,0.0026464053189886945,False,False
snp806,3.286307764600937e-05,False,True
snp807,0.22587625729465052,False,False
snp808,0.9999999674339716,False,False
snp809,0.0012126440369703193,False,False
snp810,0.8962439397568425,False,False
snp811,1.5793755833605745e-11,True,True
snp812,0.9999998986587914,False,False
snp813,1.0,False,False
snp814,0.9999999999969515,False,False
snp815,0.19868784234175887,False,False
snp816,0.8622220655033319,False,False
snp817,0.999999991042153,False,False
snp818,1.0,False,False
snp819,7.491371987466332e-10,True,True
snp820,2.0143185112898908e-15,True,True
snp821,5.175029184846169e-11,True,True
snp822,1.0259027694269513e-19,True,True
snp823,3.695974526672992e-09,True,True
snp824,0.9823509988340624,False,False
snp825,0.9999999999621603,False,False
snp826,0.0010347723820261462,False,False
snp827,0.9999999693157491,False,False
snp828,0.9989652276179739,False,False
snp829,0.9406887118623742,False,False
snp830,0.9999999901149479,False,False
snp831,0.003907805123007833,False,False
snp832,0.8695780659879289,False,False
snp833,0.999999998726467,False,False
snp834,0.8641823220973424,False,False
snp835,0.04854696701641656,False,False
snp836,0.9999999999816757,False,False
snp837,1.0,False,False
snp838,0.8733708337514392,False,False
snp839,9.062431379310294e-10,True,True
snp840,4.354437738285864e-06,False,True
snp841,1.6106155578762505e-12,True,True
snp842,0.991305142263733,False,False
snp843,0.9999932093734363,False,False
snp844,4.5591400255746966e-20,True,True
snp845,0.05361082614560896,False,False
snp846,0.9999999999999987,False,False
snp847,0.9999982352936149,False,False
snp848,0.9999999999999972,False,False
snp849,3.231045360395379e-05,False,True
snp850,2.010989461942221e-11,True,True
snp851,1.9722907187639505e-17,True,True
snp852,5.060018430324682e-22,True,True
snp853,0.5230242032377665,False,False
snp854,0.9999999999353787,False,False
snp855,0.9999995360555347,False,False
snp856,0.9922990095469572,False,False
snp857,7.602360913634746e-05,False,False
snp858,6.20058350746129e-06,False,True
snp859,0.6686990694256038,False,False
snp860,0.999999981691308,False,False
snp861,0.9999967553168942,False,False
snp862,0.7388966483577133,False,False
snp863,0.8836630443801293,False,False
snp864,0.9999552801648083,False,False
snp865,0.9999999999999616,False,False
snp866,0.9996262968711629,False,False
snp867,0.002495279586510719,False,False
snp868,0.4747287977847642,False,False
snp869,0.999999686817849,False,False
snp870,0.9999981455511445,False,False
snp871,0.999999991042153,False,False
snp872,0.9999998392616383,False,False
snp873,0.9999931733887589,False,False
snp874,0.9841230196323912,False,False
snp875,0.9999999982362606,False,False
snp876,0.5219896496279706,False,False
snp877,1.0,False,False
snp878,0.9999237558447118,False,False
snp879,0.9935966584072274,False,False
snp880,3.1204426731256857e-09,True,True
snp881,0.9999804179507907,False,False
snp882,0.906632681998919,False,False
snp883,0.9999999990882289,False,False
snp884,0.9770669317882822,False,False
snp885,0.9406979284076596,False,False
snp886,0.03987705953459538,False,False
snp887,0.9999999999999987,False,False
snp888,1.0,False,False
snp889,0.6788802676161976,False,False
snp890,1.2833936824865501e-06,False,True
snp891,1.0,False,False
snp892,2.7512664764256406e-08,True,True
snp893,0.011495693534623588,False,False
snp894,3.805607899133684e-17,True,True
snp895,0.9998258887146638,False,False
snp896,1.0953370116750048e-14,True,True
snp897,0.9998849559104871,False,False
snp898,0.9999999999999727,False,False
snp899,1.0,False,False
snp900,0.996461319837241,False,False
snp901,0.9999999992930543,False,False
snp902,1.0356233504560578e-07,False,True
snp903,0.9528367919855296,False,False
snp904,1.7338421141262454e-07,False,True
snp905,0.9997537065556468,False,False
snp906,0.27985573177745215,False,False
snp907,0.9715778088211977,False,False
snp908,0.8368326919792274,False,False
snp909,0.9758115865635697,False,False
snp910,1.0,False,False
snp911,0.9942033571391812,False,False
snp912,2.713009955726492e-07,False,True
snp913,0.9999721469943358,False,False
snp914,7.379585775931588e-05,False,False
snp915,0.0005976406449277927,False,False
snp916,0.9998021856763892,False,False
snp917,0.999999910877146,False,False
snp918,0.9999999998077305,False,False
snp919,9.123194835766162e-08,False,True
snp920,0.8712790330740647,False,False
snp921,0.006638218697046125,False,False
snp922,0.9998551970258728,False,False
snp923,0.6833660309866194,False,False
snp924,1.571852072980973e-23,True,True
snp925,3.980817262874146e-18,True,True
snp926,0.9997612947591338,False,False
snp927,4.404258542730052e-06,False,True
snp928,0.0002004141592476992,False,False
snp929,0.9999999910241292,False,False
snp930,0.6833660309866194,False,False
snp931,1.0,False,False
snp932,7.39387340053733e-09,True,True
snp933,0.9574733639960958,False,False
snp934,0.7066932704516597,False,False
snp935,0.9931716938362387,False,False
snp936,0.9999683381809258,False,False
snp937,0.020712117289684376,False,False
snp938,0.5228989838818978,False,False
snp939,0.9999999961079097,False,False
snp940,2.6146485057499077e-07,False,True
snp941,0.10087957807507414,False,False
snp942,1.0196820328961731e-16,True,True
snp943,0.6833660309866194,False,False
snp944,0.8867594425594059,False,False
snp945,3.730348296243618e-17,True,True
snp946,0.9885838228212614,False,False
snp947,0.7124547574976822,False,False
snp948,5.744489432616069e-06,False,True
snp949,1.9523262688577607e-30,True,True
snp950,0.9416426104551433,False,False
snp951,0.0001136738140391835,False,False
snp952,2.685317065210561e-06,False,True
snp953,0.9645714924900013,False,False
snp954,0.5248784250913139,False,False
snp955,0.9999982030069319,False,False
snp956,0.7379781342273408,False,False
snp957,0.0001836386096814173,False,False
snp958,0.9623838956809959,False,False
snp959,0.9999999087680517,False,False
snp960,0.05755244104124805,False,False
snp961,0.04321894606358755,False,False
snp962,0.22486590047357172,False,False
snp963,1.4017726198781382e-15,True,True
snp964,0.9999999999999987,False,False
snp965,6.839247652831604e-25,True,True
snp966,0.9974193188437813,False,False
snp967,3.0251528733381595e-09,True,True
snp968,0.0017715706622709298,False,False
snp969,0.004269348225460818,False,False
snp970,0.8026909641639779,False,False
snp971,0.9999984281556307,False,False
snp972,0.9999999912948537,False,False
snp973,0.01882256846291346,False,False
snp974,0.008400420698353653,False,False
snp975,0.9406979284076596,False,False
snp976,1.0,False,False
snp977,0.03652367945850712,False,False
snp978,8.817427648691034e-07,False,True
snp979,1.915651584446731e-11,True,True
snp980,0.8719567483883139,False,False
snp981,8.502815828596964e-10,True,True
snp982,0.19128951928499652,False,False
snp983,0.001371920826422617,False,False
snp984,1.0,False,False
snp985,8.201889941616245e-05,False,False
snp986,0.0004602177973795013,False,False
snp987,7.779789195788231e-05,False,False
snp988,0.9999999997873571,False,False
snp989,0.9999999948953286,False,False
snp990,0.9997537065556468,False,False
snp991,0.366457463411315,False,False
snp992,0.522375204589147,False,False
snp993,0.9511151067056888,False,False
snp994,2.0606131617473438e-08,True,True
snp995,6.813801120731701e-24,True,True
snp996,1.271063268461238e-13,True,True
snp997,0.00022300430904869704,False,False
snp998,4.4719835191700816e-05,False,True
snp999,1.9722907187639505e-17,True,True
